input_id	dealiased_id	standard_id	short_id
wikidata:Q99418649	wikidata:Q99418649	wikidata:Q99418649	pNGap1Du
wikidata:Q46368626	wikidata:Q46368626	wikidata:Q46368626	1GmbExweg
wikidata:Q56524391	wikidata:Q56524391	wikidata:Q56524391	1DSEIjFha
url:https://data.humancellatlas.org/about	url:https://data.humancellatlas.org/about	url:https://data.humancellatlas.org/about	zDRzmIGu
wikidata:Q104450645	wikidata:Q104450645	wikidata:Q104450645	kkwRTArg
wikidata:Q109755180	wikidata:Q109755180	wikidata:Q109755180	qT8WxqjA
url	url	url	u0DlQJir
wikidata:Q105870680	wikidata:Q105870680	wikidata:Q105870680	DLTMbf54
wikidata:Q104130127	wikidata:Q104130127	wikidata:Q104130127	18wkLcGxT
wikidata:Q23781406	wikidata:Q23781406	wikidata:Q23781406	2KmDs8gy
wikidata:Q19671692	wikidata:Q19671692	wikidata:Q19671692	j3tJyG7J
wikidata:Q21184168	wikidata:Q21184168	wikidata:Q21184168	1CI8uS6ka
wikidata:Q33786317	wikidata:Q33786317	wikidata:Q33786317	ecteO8vI
wikidata:Q36067763	wikidata:Q36067763	wikidata:Q36067763	agnqfdk6
wikidata:Q101955295	wikidata:Q101955295	wikidata:Q101955295	qMozvNth
wikidata:Q118130164	wikidata:Q118130164	wikidata:Q118130164	awBqtEdd
wikidata:Q24074986	wikidata:Q24074986	wikidata:Q24074986	xLpRePoh
doi:10.1101/031971	doi:10.1101/031971	doi:10.1101/031971	lmhCFXiz
wikidata:Q87830400	wikidata:Q87830400	wikidata:Q87830400	3GqlN9Dk
doi:10.7554/eLife.52614	doi:10.7554/eLife.52614	doi:10.7554/elife.52614	HUodcdz1
doi:10.1016/j.jbi.2019.103292	doi:10.1016/j.jbi.2019.103292	doi:10.1016/j.jbi.2019.103292	11iU76eUa
url:https://bibliotecadaeca.wordpress.com/2019/09/30/como-fazer-um-fichamento	url:https://bibliotecadaeca.wordpress.com/2019/09/30/como-fazer-um-fichamento	url:https://bibliotecadaeca.wordpress.com/2019/09/30/como-fazer-um-fichamento	rPKBwmYh
wikidata:Q3684178	wikidata:Q3684178	wikidata:Q3684178	1HBVPtZGp
wikidata:Q109996684	wikidata:Q109996684	wikidata:Q109996684	13HqB23xH
fig	fig	fig	610ZSWHm
wikidata:Q41799194	wikidata:Q41799194	wikidata:Q41799194	hxzL9pmm
url:https://www.wikidata.org/wiki/Wikidata:Tools/Author_Disambiguator	url:https://www.wikidata.org/wiki/Wikidata:Tools/Author_Disambiguator	url:https://www.wikidata.org/wiki/Wikidata:Tools/Author_Disambiguator	1A9RvszKC
url:https://github.com/SuLab/WikidataIntegrator	url:https://github.com/SuLab/WikidataIntegrator	url:https://github.com/SuLab/WikidataIntegrator	qDI8I4IJ
url:http://magnusmanske.de/wordpress	url:http://magnusmanske.de/wordpress	url:http://magnusmanske.de/wordpress	JgiKEEdq
wikidata:Q92260004	wikidata:Q92260004	wikidata:Q92260004	XkeUS3sn
