[
  {
    "id": "11iU76eUa",
    "type": "article-journal",
    "container-title": "Journal of Biomedical Informatics",
    "DOI": "10.1016/j.jbi.2019.103292",
    "ISSN": "15320464",
    "journalAbbreviation": "Journal of Biomedical Informatics",
    "language": "en",
    "page": "103292",
    "source": "DOI.org (Crossref)",
    "title": "Wikidata: A large-scale collaborative ontological medical database",
    "title-short": "Wikidata",
    "URL": "https://doi.org/gg9dnt",
    "volume": "99",
    "author": [
      {
        "family": "Turki",
        "given": "Houcemeddine"
      },
      {
        "family": "Shafee",
        "given": "Thomas"
      },
      {
        "family": "Hadj Taieb",
        "given": "Mohamed Ali"
      },
      {
        "family": "Ben Aouicha",
        "given": "Mohamed"
      },
      {
        "family": "Vrandečić",
        "given": "Denny"
      },
      {
        "family": "Das",
        "given": "Diptanshu"
      },
      {
        "family": "Hamdi",
        "given": "Helmi"
      }
    ],
    "accessed": {
      "date-parts": [
        [
          "2023",
          5,
          15
        ]
      ]
    },
    "issued": {
      "date-parts": [
        [
          "2019",
          11
        ]
      ]
    },
    "PMID": "31557529",
    "note": "This CSL Item was generated by Manubot v0.5.1 from its persistent identifier (standard_id).\nstandard_id: doi:10.1016/j.jbi.2019.103292"
  },
  {
    "id": "lmhCFXiz",
    "type": "report",
    "abstract": "Wikidata is an open, Semantic Web-compatible database that anyone can edit. This ′data commons′ provides structured data for Wikipedia articles and other applications. Every article on Wikipedia has a hyperlink to an editable item in this database. This unique connection to the world′s largest community of volunteer knowledge editors could help make Wikidata a key hub within the greater Semantic Web. The life sciences, as ever, faces crucial challenges in disseminating and integrating knowledge. Our group is addressing these issues by populating Wikidata with the seeds of a foundational semantic network linking genes, drugs and diseases. Using this content, we are enhancing Wikipedia articles to both increase their quality and recruit human editors to expand and improve the underlying data. We encourage the community to join us as we collaboratively create what can become the most used and most central semantic data resource for the life sciences and beyond.",
    "genre": "preprint",
    "language": "en",
    "note": "DOI: 10.1101/031971\nThis CSL Item was generated by Manubot v0.5.1 from its persistent identifier (standard_id).\nstandard_id: doi:10.1101/031971",
    "publisher": "Bioinformatics",
    "source": "DOI.org (Crossref)",
    "title": "Wikidata: A platform for data integration and dissemination for the life sciences and beyond",
    "title-short": "Wikidata",
    "URL": "https://doi.org/gg9dk4",
    "author": [
      {
        "family": "Mitraka",
        "given": "Elvira"
      },
      {
        "family": "Waagmeester",
        "given": "Andra"
      },
      {
        "family": "Burgstaller-Muehlbacher",
        "given": "Sebastian"
      },
      {
        "family": "Schriml",
        "given": "Lynn M"
      },
      {
        "family": "Su",
        "given": "Andrew I"
      },
      {
        "family": "Good",
        "given": "Benjamin M"
      }
    ],
    "accessed": {
      "date-parts": [
        [
          "2023",
          5,
          15
        ]
      ]
    },
    "issued": {
      "date-parts": [
        [
          "2015",
          11,
          16
        ]
      ]
    },
    "DOI": "10.1101/031971"
  },
  {
    "id": "HUodcdz1",
    "type": "article-journal",
    "abstract": "Wikidata is a community-maintained knowledge base that has been assembled from repositories in the fields of genomics, proteomics, genetic variants, pathways, chemical compounds, and diseases, and that adheres to the FAIR principles of findability, accessibility, interoperability and reusability. Here we describe the breadth and depth of the biomedical knowledge contained within Wikidata, and discuss the open-source tools we have built to add information to Wikidata and to synchronize it with source databases. We also demonstrate several use cases for Wikidata, including the crowdsourced curation of biomedical ontologies, phenotype-based diagnosis of disease, and drug repurposing.",
    "container-title": "eLife",
    "DOI": "10.7554/elife.52614",
    "ISSN": "2050-084X",
    "language": "en",
    "page": "e52614",
    "source": "DOI.org (Crossref)",
    "title": "Wikidata as a knowledge graph for the life sciences",
    "URL": "https://doi.org/ggqqc6",
    "volume": "9",
    "author": [
      {
        "family": "Waagmeester",
        "given": "Andra"
      },
      {
        "family": "Stupp",
        "given": "Gregory"
      },
      {
        "family": "Burgstaller-Muehlbacher",
        "given": "Sebastian"
      },
      {
        "family": "Good",
        "given": "Benjamin M"
      },
      {
        "family": "Griffith",
        "given": "Malachi"
      },
      {
        "family": "Griffith",
        "given": "Obi L"
      },
      {
        "family": "Hanspers",
        "given": "Kristina"
      },
      {
        "family": "Hermjakob",
        "given": "Henning"
      },
      {
        "family": "Hudson",
        "given": "Toby S"
      },
      {
        "family": "Hybiske",
        "given": "Kevin"
      },
      {
        "family": "Keating",
        "given": "Sarah M"
      },
      {
        "family": "Manske",
        "given": "Magnus"
      },
      {
        "family": "Mayers",
        "given": "Michael"
      },
      {
        "family": "Mietchen",
        "given": "Daniel"
      },
      {
        "family": "Mitraka",
        "given": "Elvira"
      },
      {
        "family": "Pico",
        "given": "Alexander R"
      },
      {
        "family": "Putman",
        "given": "Timothy"
      },
      {
        "family": "Riutta",
        "given": "Anders"
      },
      {
        "family": "Queralt-Rosinach",
        "given": "Nuria"
      },
      {
        "family": "Schriml",
        "given": "Lynn M"
      },
      {
        "family": "Shafee",
        "given": "Thomas"
      },
      {
        "family": "Slenter",
        "given": "Denise"
      },
      {
        "family": "Stephan",
        "given": "Ralf"
      },
      {
        "family": "Thornton",
        "given": "Katherine"
      },
      {
        "family": "Tsueng",
        "given": "Ginger"
      },
      {
        "family": "Tu",
        "given": "Roger"
      },
      {
        "family": "Ul-Hasan",
        "given": "Sabah"
      },
      {
        "family": "Willighagen",
        "given": "Egon"
      },
      {
        "family": "Wu",
        "given": "Chunlei"
      },
      {
        "family": "Su",
        "given": "Andrew I"
      }
    ],
    "accessed": {
      "date-parts": [
        [
          "2023",
          5,
          15
        ]
      ]
    },
    "issued": {
      "date-parts": [
        [
          "2020",
          3,
          17
        ]
      ]
    },
    "PMCID": "PMC7077981",
    "PMID": "32180547",
    "note": "This CSL Item was generated by Manubot v0.5.1 from its persistent identifier (standard_id).\nstandard_id: doi:10.7554/elife.52614"
  },
  {
    "id": "JgiKEEdq",
    "type": "post-weblog",
    "language": "en-GB",
    "title": "The Whelming › Tech, tools, and tribulations",
    "URL": "http://magnusmanske.de/wordpress/",
    "author": [
      {
        "family": "Wallick",
        "given": "Scott Allan"
      }
    ],
    "accessed": {
      "date-parts": [
        [
          "2023",
          5,
          15
        ]
      ]
    },
    "note": "This CSL Item was generated by Manubot v0.5.1 from its persistent identifier (standard_id).\nstandard_id: url:http://magnusmanske.de/wordpress"
  },
  {
    "id": "rPKBwmYh",
    "type": "post-weblog",
    "abstract": "Já indicamos no blog aqui e aqui como usar o Mendeley para organizar seus fichamentos, mas há uma pergunta que ficou pairando, por ser anterior: como fazer um fichamento? Como há pessoas que entend…",
    "container-title": "Blog da Biblioteca da ECA-USP",
    "language": "pt-BR",
    "title": "Como fazer um fichamento",
    "URL": "https://bibliotecadaeca.wordpress.com/2019/09/30/como-fazer-um-fichamento/",
    "author": [
      {
        "family": "disse",
        "given": "Priscilla de Carvalho Nunes"
      }
    ],
    "accessed": {
      "date-parts": [
        [
          "2023",
          5,
          15
        ]
      ]
    },
    "issued": {
      "date-parts": [
        [
          "2019",
          9,
          30
        ]
      ]
    },
    "note": "This CSL Item was generated by Manubot v0.5.1 from its persistent identifier (standard_id).\nstandard_id: url:https://bibliotecadaeca.wordpress.com/2019/09/30/como-fazer-um-fichamento"
  },
  {
    "id": "zDRzmIGu",
    "type": "webpage",
    "abstract": "The Human Cell Atlas Data Coordination Platform (HCA DCP) is an open source, cloud-based platform developed to organize, standardize, and make accessible the data that constitute the Human Cell Atlas.",
    "container-title": "HCA Data Portal",
    "language": "en",
    "title": "About the Data Coordination Platform",
    "URL": "https://data.humancellatlas.org/about",
    "accessed": {
      "date-parts": [
        [
          "2023",
          5,
          15
        ]
      ]
    },
    "note": "This CSL Item was generated by Manubot v0.5.1 from its persistent identifier (standard_id).\nstandard_id: url:https://data.humancellatlas.org/about"
  },
  {
    "id": "qDI8I4IJ",
    "abstract": "A Wikidata Python module integrating the MediaWiki API and the Wikidata SPARQL endpoint",
    "genre": "Python",
    "note": "original-date: 2016-11-15T18:53:03Z\nThis CSL Item was generated by Manubot v0.5.1 from its persistent identifier (standard_id).\nstandard_id: url:https://github.com/SuLab/WikidataIntegrator",
    "publisher": "Su Lab",
    "source": "GitHub",
    "title": "Wikidata Integrator",
    "URL": "https://github.com/SuLab/WikidataIntegrator",
    "accessed": {
      "date-parts": [
        [
          "2023",
          5,
          15
        ]
      ]
    },
    "issued": {
      "date-parts": [
        [
          "2023",
          4,
          20
        ]
      ]
    },
    "type": "entry"
  },
  {
    "id": "1A9RvszKC",
    "type": "webpage",
    "title": "Wikidata:Tools/Author Disambiguator - Wikidata",
    "URL": "https://www.wikidata.org/wiki/Wikidata:Tools/Author_Disambiguator",
    "accessed": {
      "date-parts": [
        [
          "2023",
          5,
          15
        ]
      ]
    },
    "note": "This CSL Item was generated by Manubot v0.5.1 from its persistent identifier (standard_id).\nstandard_id: url:https://www.wikidata.org/wiki/Wikidata:Tools/Author_Disambiguator"
  },
  {
    "id": "qMozvNth",
    "type": "article-journal",
    "container-title": "Journal of the Association for Information Science and Technology",
    "DOI": "10.1002/asi.20870",
    "issue": "10",
    "language": "English",
    "note": "QID: Q101955295\nThis CSL Item was generated by Manubot v0.5.1 from its persistent identifier (standard_id).\nstandard_id: wikidata:Q101955295",
    "page": "1662-1674",
    "source": "Wikidata",
    "title": "Toward an epistemology of Wikipedia",
    "volume": "59",
    "author": [
      {
        "family": "Fallis",
        "given": "Don"
      }
    ],
    "issued": {
      "date-parts": [
        [
          "2008",
          8,
          1
        ]
      ]
    },
    "URL": "https://www.wikidata.org/wiki/Q101955295"
  },
  {
    "id": "18wkLcGxT",
    "type": "article-journal",
    "container-title": "Nucleic Acids Research",
    "DOI": "10.1093/nar/gkaa1113",
    "note": "QID: Q104130127\nPMID: 33290552\nPMCID: PMC7779012\nThis CSL Item was generated by Manubot v0.5.1 from its persistent identifier (standard_id).\nstandard_id: wikidata:Q104130127",
    "source": "Wikidata",
    "title": "The Gene Ontology resource: enriching a GOld mine",
    "title-short": "The Gene Ontology resource",
    "author": [
      {
        "family": "Consortium",
        "given": "Gene Ontology"
      }
    ],
    "issued": {
      "date-parts": [
        [
          "2020",
          12,
          8
        ]
      ]
    },
    "URL": "https://www.wikidata.org/wiki/Q104130127"
  },
  {
    "id": "kkwRTArg",
    "type": "article-journal",
    "note": "QID: Q104450645\nThis CSL Item was generated by Manubot v0.5.1 from its persistent identifier (standard_id).\nstandard_id: wikidata:Q104450645",
    "source": "Wikidata",
    "title": "The Human Cell Atlas White Paper",
    "author": [
      {
        "family": "Regev",
        "given": "Aviv"
      },
      {
        "family": "Teichmann",
        "given": "Sarah"
      },
      {
        "family": "Rozenblatt-Rosen",
        "given": "Orit"
      },
      {
        "family": "Stubbington",
        "given": "Michael J. T."
      },
      {
        "family": "Ardlie",
        "given": "Kristin"
      },
      {
        "family": "Giladi",
        "given": "Amir"
      },
      {
        "family": "Arlotta",
        "given": "Paola"
      },
      {
        "family": "Bader",
        "given": "Gary D."
      },
      {
        "family": "Benoist",
        "given": "Christophe"
      },
      {
        "family": "Biton",
        "given": "Moshe"
      },
      {
        "family": "Bodenmiller",
        "given": "Bernd"
      },
      {
        "family": "Bruneau",
        "given": "Benoit"
      },
      {
        "family": "Campbell",
        "given": "Peter J."
      },
      {
        "family": "Carmichael",
        "given": "Mary"
      },
      {
        "family": "Carninci",
        "given": "Piero"
      },
      {
        "family": "Castelo-Soccio",
        "given": "Leslie"
      },
      {
        "family": "Clatworthy",
        "given": "Menna R."
      },
      {
        "family": "Clevers",
        "given": "Hans"
      },
      {
        "family": "Conrad",
        "given": "Christian"
      },
      {
        "family": "Eils",
        "given": "Roland"
      },
      {
        "family": "Freeman",
        "given": "Jeremy"
      },
      {
        "family": "Fugger",
        "given": "Lars"
      },
      {
        "family": "Goettgens",
        "given": "Berthold"
      },
      {
        "family": "Graham",
        "given": "Daniel B."
      },
      {
        "family": "Greka",
        "given": "Anna"
      },
      {
        "family": "Hacohen",
        "given": "Nir"
      },
      {
        "family": "Haniffa",
        "given": "Muzlifah"
      },
      {
        "family": "Helbig",
        "given": "Ingo"
      },
      {
        "family": "Heuckeroth",
        "given": "Robert"
      },
      {
        "family": "Kathiresan",
        "given": "Sekar"
      },
      {
        "family": "Kim",
        "given": "Seung"
      },
      {
        "family": "Klein",
        "given": "Allon M."
      },
      {
        "family": "Knoppers",
        "given": "Bartha"
      },
      {
        "family": "Kriegstein",
        "given": "Arnold"
      },
      {
        "family": "Lander",
        "given": "Eric"
      },
      {
        "family": "Lee",
        "given": "Jane"
      },
      {
        "family": "Lein",
        "given": "Ed S."
      },
      {
        "family": "Linnarsson",
        "given": "Sten"
      },
      {
        "family": "Macosko",
        "given": "Evan Z."
      },
      {
        "family": "MacParland",
        "given": "Sonya A."
      },
      {
        "family": "Majovski",
        "given": "Robert"
      },
      {
        "family": "Majumder",
        "given": "Partha P."
      },
      {
        "family": "Marioni",
        "given": "John"
      },
      {
        "family": "McGilvray",
        "given": "Ian D."
      },
      {
        "family": "Merad",
        "given": "Miriam"
      },
      {
        "family": "Mhlanga",
        "given": "Musa"
      },
      {
        "family": "Naik",
        "given": "Shalin"
      },
      {
        "family": "Nawijn",
        "given": "Martijn C."
      },
      {
        "family": "Nolan",
        "given": "Garry P."
      },
      {
        "family": "Paten",
        "given": "Benedict"
      },
      {
        "family": "Pe'er",
        "given": "Dana"
      },
      {
        "family": "Philippakis",
        "given": "Anthony"
      },
      {
        "family": "Ponting",
        "given": "Chris"
      },
      {
        "family": "Quake",
        "given": "Steve"
      },
      {
        "family": "Rajagopal",
        "given": "Jayaraj"
      },
      {
        "family": "Rajewsky",
        "given": "Nikolaus"
      },
      {
        "family": "Reik",
        "given": "Wolf"
      },
      {
        "family": "Rood",
        "given": "Jennifer"
      },
      {
        "family": "Saeb-Parsy",
        "given": "Kourosh"
      },
      {
        "family": "Schiller",
        "given": "Herbert B."
      },
      {
        "family": "Scott",
        "given": "Steve"
      },
      {
        "family": "Shalek",
        "given": "Alex K."
      },
      {
        "family": "Shapiro",
        "given": "Ehud"
      },
      {
        "family": "Shin",
        "given": "Jay W."
      },
      {
        "family": "Skeldon",
        "given": "Kenneth"
      },
      {
        "family": "Stratton",
        "given": "Michael"
      },
      {
        "family": "Streicher",
        "given": "Jenna"
      },
      {
        "family": "Stunnenberg",
        "given": "Henk"
      },
      {
        "family": "Tan",
        "given": "Kai"
      },
      {
        "family": "Taylor",
        "given": "Deanne M."
      },
      {
        "family": "Thorogood",
        "given": "Adrian"
      },
      {
        "family": "Vallier",
        "given": "Ludovic"
      },
      {
        "family": "Oudenaarden",
        "given": "Alexander",
        "dropping-particle": "van"
      },
      {
        "family": "Watt",
        "given": "Fiona"
      },
      {
        "family": "Weicher",
        "given": "Wilko"
      },
      {
        "family": "Weissman",
        "given": "Jonathan"
      },
      {
        "family": "Wells",
        "given": "Andrew"
      },
      {
        "family": "Wold",
        "given": "Barbara J."
      },
      {
        "family": "Xavier",
        "given": "Ramnik J."
      },
      {
        "family": "Zhuang",
        "given": "Xiaowei"
      },
      {
        "family": "Committee",
        "given": "Human Cell Atlas Organizing"
      }
    ],
    "issued": {
      "date-parts": [
        [
          "2018",
          10,
          11
        ]
      ]
    },
    "URL": "https://www.wikidata.org/wiki/Q104450645"
  },
  {
    "id": "DLTMbf54",
    "type": "article-journal",
    "DOI": "10.1002/047001153x.g408213",
    "note": "QID: Q105870680\nThis CSL Item was generated by Manubot v0.5.1 from its persistent identifier (standard_id).\nstandard_id: wikidata:Q105870680",
    "source": "Wikidata",
    "title": "Ontologies for the life sciences",
    "author": [
      {
        "family": "Schulze-Kremer",
        "given": "Steffen"
      },
      {
        "family": "Smith",
        "given": "Barry"
      }
    ],
    "issued": {
      "date-parts": [
        [
          "2005",
          11,
          15
        ]
      ]
    },
    "URL": "https://www.wikidata.org/wiki/Q105870680"
  },
  {
    "id": "qT8WxqjA",
    "type": "article-journal",
    "container-title": "Nature Cell Biology",
    "DOI": "10.1038/s41556-021-00787-7",
    "issue": "11",
    "language": "English",
    "note": "QID: Q109755180\nThis CSL Item was generated by Manubot v0.5.1 from its persistent identifier (standard_id).\nstandard_id: wikidata:Q109755180",
    "page": "1129-1135",
    "source": "Wikidata",
    "title": "Cell type ontologies of the Human Cell Atlas",
    "volume": "23",
    "author": [
      {
        "family": "Osumi-Sutherland",
        "given": "David"
      },
      {
        "family": "Xu",
        "given": "Chuan"
      },
      {
        "family": "Keays",
        "given": "Maria"
      },
      {
        "family": "Levine",
        "given": "Adam P."
      },
      {
        "family": "Kharchenko",
        "given": "Peter V."
      },
      {
        "family": "Regev",
        "given": "Aviv"
      },
      {
        "family": "Lein",
        "given": "Ed"
      },
      {
        "family": "Teichmann",
        "given": "Sarah"
      }
    ],
    "issued": {
      "date-parts": [
        [
          "2021",
          11,
          1
        ]
      ]
    },
    "URL": "https://www.wikidata.org/wiki/Q109755180"
  },
  {
    "id": "13HqB23xH",
    "type": "webpage",
    "abstract": "book",
    "language": "en",
    "title": "Clean Code: A Handbook of Agile Software Craftsmanship",
    "title-short": "Clean Code",
    "URL": "https://www.wikidata.org/wiki/Q109996684",
    "accessed": {
      "date-parts": [
        [
          "2023",
          5,
          15
        ]
      ]
    },
    "note": "This CSL Item was generated by Manubot v0.5.1 from its persistent identifier (standard_id).\nstandard_id: wikidata:Q109996684"
  },
  {
    "id": "awBqtEdd",
    "type": "paper-conference",
    "container-title": "WWW '23 Companion: Companion Proceedings of the ACM Web Conference 2023",
    "DOI": "10.1145/3543873.3585579",
    "language": "English",
    "note": "QID: Q118130164\nThis CSL Item was generated by Manubot v0.5.1 from its persistent identifier (standard_id).\nstandard_id: wikidata:Q118130164",
    "source": "Wikidata",
    "title": "Wikidata: The Making Of",
    "title-short": "Wikidata",
    "author": [
      {
        "family": "Vrandečić",
        "given": "Denny"
      },
      {
        "family": "Pintscher",
        "given": "Lydia"
      },
      {
        "family": "Krötzsch",
        "given": "Markus"
      }
    ],
    "issued": {
      "date-parts": [
        [
          "2023",
          4,
          30
        ]
      ]
    },
    "URL": "https://www.wikidata.org/wiki/Q118130164"
  },
  {
    "id": "j3tJyG7J",
    "type": "article-journal",
    "container-title": "Nature Biotechnology",
    "DOI": "10.1038/nbt1346",
    "issue": "11",
    "language": "English",
    "note": "QID: Q19671692\nPMID: 17989687\nPMCID: PMC2814061\nThis CSL Item was generated by Manubot v0.5.1 from its persistent identifier (standard_id).\nstandard_id: wikidata:Q19671692",
    "page": "1251-5",
    "source": "Wikidata",
    "title": "The OBO Foundry: coordinated evolution of ontologies to support biomedical data integration",
    "title-short": "The OBO Foundry",
    "volume": "25",
    "author": [
      {
        "family": "Smith",
        "given": "Barry"
      },
      {
        "family": "Ashburner",
        "given": "Michael"
      },
      {
        "family": "Rosse",
        "given": "Cornelius"
      },
      {
        "family": "Bard",
        "given": "Jonathan"
      },
      {
        "family": "Bug",
        "given": "William"
      },
      {
        "family": "Ceusters",
        "given": "Werner"
      },
      {
        "family": "Goldberg",
        "given": "Jeffrey Louis"
      },
      {
        "family": "Eilbeck",
        "given": "Karen"
      },
      {
        "family": "Ireland",
        "given": "Amelia"
      },
      {
        "family": "Mungall",
        "given": "Christopher J."
      },
      {
        "family": "Leontis",
        "given": "Neocles"
      },
      {
        "family": "Rocca-Serra",
        "given": "Philippe"
      },
      {
        "family": "Ruttenberg",
        "given": "Alan"
      },
      {
        "family": "Sansone",
        "given": "Susanna-Assunta"
      },
      {
        "family": "Scheuermann",
        "given": "Richard H."
      },
      {
        "family": "Shah",
        "given": "Nigam H."
      },
      {
        "family": "Whetzel",
        "given": "Patricia L."
      },
      {
        "family": "Lewis",
        "given": "Suzanna"
      }
    ],
    "issued": {
      "date-parts": [
        [
          "2007",
          11,
          1
        ]
      ]
    },
    "URL": "https://www.wikidata.org/wiki/Q19671692"
  },
  {
    "id": "1CI8uS6ka",
    "type": "article-journal",
    "container-title": "Genome Biology",
    "DOI": "10.1186/gb-2005-6-2-r21",
    "issue": "2",
    "language": "English",
    "note": "QID: Q21184168\nPMID: 15693950\nPMCID: PMC551541\nThis CSL Item was generated by Manubot v0.5.1 from its persistent identifier (standard_id).\nstandard_id: wikidata:Q21184168",
    "page": "R21",
    "source": "Wikidata",
    "title": "An ontology for cell types",
    "volume": "6",
    "author": [
      {
        "family": "Bard",
        "given": "Jonathan"
      },
      {
        "family": "Rhee",
        "given": "Sue"
      },
      {
        "family": "Ashburner",
        "given": "Michael"
      }
    ],
    "issued": {
      "date-parts": [
        [
          "2005",
          1,
          1
        ]
      ]
    },
    "URL": "https://www.wikidata.org/wiki/Q21184168"
  },
  {
    "id": "2KmDs8gy",
    "type": "article-journal",
    "container-title": "Nature Genetics",
    "DOI": "10.1038/75556",
    "issue": "1",
    "language": "English",
    "note": "QID: Q23781406\nPMID: 10802651\nPMCID: PMC3037419\nThis CSL Item was generated by Manubot v0.5.1 from its persistent identifier (standard_id).\nstandard_id: wikidata:Q23781406",
    "page": "25-29",
    "source": "Wikidata",
    "title": "Gene ontology: tool for the unification of biology. The Gene Ontology Consortium",
    "title-short": "Gene ontology",
    "volume": "25",
    "author": [
      {
        "family": "Ashburner",
        "given": "M."
      },
      {
        "family": "Ball",
        "given": "C. A."
      },
      {
        "family": "Blake",
        "given": "Judith A."
      },
      {
        "family": "Botstein",
        "given": "David"
      },
      {
        "family": "Butler",
        "given": "H."
      },
      {
        "family": "Cherry",
        "given": "J. Michael"
      },
      {
        "family": "Davis",
        "given": "A. P."
      },
      {
        "family": "Dolinski",
        "given": "K."
      },
      {
        "family": "Dwight",
        "given": "Selina S."
      },
      {
        "family": "Eppig",
        "given": "J. T."
      },
      {
        "family": "Harris",
        "given": "Midori A."
      },
      {
        "family": "Hill",
        "given": "D. P."
      },
      {
        "family": "Issel-Tarver",
        "given": "L."
      },
      {
        "family": "Kasarskis",
        "given": "A."
      },
      {
        "family": "Lewis",
        "given": "S."
      },
      {
        "family": "Matese",
        "given": "John C."
      },
      {
        "family": "Richardson",
        "given": "J. E."
      },
      {
        "family": "Ringwald",
        "given": "M."
      },
      {
        "family": "Rubin",
        "given": "Gerald M."
      },
      {
        "family": "Sherlock",
        "given": "Gavin"
      }
    ],
    "issued": {
      "date-parts": [
        [
          "2000",
          5,
          1
        ]
      ]
    },
    "URL": "https://www.wikidata.org/wiki/Q23781406"
  },
  {
    "id": "xLpRePoh",
    "type": "article-journal",
    "container-title": "Proceedings of the 25th International Conference on World Wide Web",
    "DOI": "10.1145/2872427.2874809",
    "language": "English",
    "note": "QID: Q24074986\nThis CSL Item was generated by Manubot v0.5.1 from its persistent identifier (standard_id).\nstandard_id: wikidata:Q24074986",
    "page": "1419-1428",
    "source": "Wikidata",
    "title": "From Freebase to Wikidata: The Great Migration",
    "title-short": "From Freebase to Wikidata",
    "author": [
      {
        "family": "Tanon",
        "given": "Thomas Pellissier"
      },
      {
        "family": "Vrandečić",
        "given": "Denny"
      },
      {
        "family": "Schaffert",
        "given": "Sebastian"
      },
      {
        "family": "Steiner",
        "given": "Thomas"
      },
      {
        "family": "Pintscher",
        "given": "Lydia"
      }
    ],
    "issued": {
      "date-parts": [
        [
          "2016",
          1,
          1
        ]
      ]
    },
    "URL": "https://www.wikidata.org/wiki/Q24074986"
  },
  {
    "id": "ecteO8vI",
    "type": "article-journal",
    "container-title": "BMC Bioinformatics",
    "DOI": "10.1186/1471-2105-12-6",
    "note": "QID: Q33786317\nPMCID: PMC3024222\nPMID: 21208450\nThis CSL Item was generated by Manubot v0.5.1 from its persistent identifier (standard_id).\nstandard_id: wikidata:Q33786317",
    "page": "6",
    "source": "Wikidata",
    "title": "Logical development of the cell ontology",
    "volume": "12",
    "author": [
      {
        "family": "Meehan",
        "given": "Terrence F."
      },
      {
        "family": "Masci",
        "given": "Anna Maria"
      },
      {
        "family": "Abdulla",
        "given": "Amina"
      },
      {
        "family": "Cowell",
        "given": "Lindsay G."
      },
      {
        "family": "Blake",
        "given": "Judith A."
      },
      {
        "family": "Mungall",
        "given": "Christopher J."
      },
      {
        "family": "Diehl",
        "given": "Alexander D."
      }
    ],
    "issued": {
      "date-parts": [
        [
          "2011",
          1,
          5
        ]
      ]
    },
    "URL": "https://www.wikidata.org/wiki/Q33786317"
  },
  {
    "id": "agnqfdk6",
    "type": "article-journal",
    "container-title": "Journal of Biomedical Semantics",
    "DOI": "10.1186/s13326-016-0088-7",
    "issue": "1",
    "note": "QID: Q36067763\nPMCID: PMC4932724\nPMID: 27377652\nThis CSL Item was generated by Manubot v0.5.1 from its persistent identifier (standard_id).\nstandard_id: wikidata:Q36067763",
    "page": "44",
    "source": "Wikidata",
    "title": "The Cell Ontology 2016: enhanced content, modularization, and ontology interoperability",
    "title-short": "The Cell Ontology 2016",
    "volume": "7",
    "author": [
      {
        "family": "Diehl",
        "given": "Alexander D."
      },
      {
        "family": "Meehan",
        "given": "Terrence F."
      },
      {
        "family": "Bradford",
        "given": "Yvonne M."
      },
      {
        "family": "Brush",
        "given": "Matthew"
      },
      {
        "family": "Dahdul",
        "given": "Wasila M."
      },
      {
        "family": "Dougall",
        "given": "David S."
      },
      {
        "family": "He",
        "given": "Yongqun"
      },
      {
        "family": "Osumi-Sutherland",
        "given": "David"
      },
      {
        "family": "Ruttenberg",
        "given": "Alan"
      },
      {
        "family": "Sarntivijai",
        "given": "Sirarat"
      },
      {
        "family": "Slyke",
        "given": "Ceri E. Van"
      },
      {
        "family": "Vasilevsky",
        "given": "Nicole"
      },
      {
        "family": "Haendel",
        "given": "Melissa"
      },
      {
        "family": "Blake",
        "given": "Judith A."
      },
      {
        "family": "Mungall",
        "given": "Christopher J."
      }
    ],
    "issued": {
      "date-parts": [
        [
          "2016",
          7,
          4
        ]
      ]
    },
    "URL": "https://www.wikidata.org/wiki/Q36067763"
  },
  {
    "id": "1HBVPtZGp",
    "type": "webpage",
    "abstract": "essay by Umberto Eco",
    "language": "en",
    "title": "Come si fa una tesi di laurea",
    "URL": "https://www.wikidata.org/wiki/Q3684178",
    "accessed": {
      "date-parts": [
        [
          "2023",
          5,
          15
        ]
      ]
    },
    "note": "This CSL Item was generated by Manubot v0.5.1 from its persistent identifier (standard_id).\nstandard_id: wikidata:Q3684178"
  },
  {
    "id": "hxzL9pmm",
    "type": "article-journal",
    "container-title": "The Semantic Web: ESWC 2017 Satellite Events",
    "DOI": "10.1007/978-3-319-70407-4_36",
    "language": "English",
    "note": "QID: Q41799194\nThis CSL Item was generated by Manubot v0.5.1 from its persistent identifier (standard_id).\nstandard_id: wikidata:Q41799194",
    "page": "237-259",
    "source": "Wikidata",
    "title": "Scholia, Scientometrics and Wikidata",
    "author": [
      {
        "family": "Nielsen",
        "given": "Finn Årup"
      },
      {
        "family": "Mietchen",
        "given": "Daniel"
      },
      {
        "family": "Willighagen",
        "given": "Egon"
      }
    ],
    "issued": {
      "date-parts": [
        [
          "2017",
          10,
          1
        ]
      ]
    },
    "URL": "https://www.wikidata.org/wiki/Q41799194"
  },
  {
    "id": "1GmbExweg",
    "type": "article-journal",
    "container-title": "eLife",
    "DOI": "10.7554/elife.27041",
    "language": "English",
    "note": "QID: Q46368626\nPMID: 29206104\nPMCID: PMC5762154\nThis CSL Item was generated by Manubot v0.5.1 from its persistent identifier (standard_id).\nstandard_id: wikidata:Q46368626",
    "source": "Wikidata",
    "title": "The Human Cell Atlas.",
    "volume": "6",
    "author": [
      {
        "family": "Regev",
        "given": "Aviv"
      },
      {
        "family": "Teichmann",
        "given": "Sarah"
      },
      {
        "family": "Lander",
        "given": "Eric"
      },
      {
        "family": "Giladi",
        "given": "Amir"
      },
      {
        "family": "Benoist",
        "given": "Christophe"
      },
      {
        "family": "Birney",
        "given": "Ewan"
      },
      {
        "family": "Bodenmiller",
        "given": "Bernd"
      },
      {
        "family": "Campbell",
        "given": "Peter J."
      },
      {
        "family": "Carninci",
        "given": "Piero"
      },
      {
        "family": "Clatworthy",
        "given": "Menna R."
      },
      {
        "family": "Clevers",
        "given": "Hans"
      },
      {
        "family": "Deplancke",
        "given": "Bart"
      },
      {
        "family": "Dunham",
        "given": "Ian"
      },
      {
        "family": "Eberwine",
        "given": "James"
      },
      {
        "family": "Eils",
        "given": "Roland"
      },
      {
        "family": "Enard",
        "given": "Wolfgang"
      },
      {
        "family": "Farmer",
        "given": "Andrew"
      },
      {
        "family": "Fugger",
        "given": "Lars"
      },
      {
        "family": "Gottgens",
        "given": "Berthold"
      },
      {
        "family": "Hacohen",
        "given": "Nir"
      },
      {
        "family": "Haniffa",
        "given": "Muzlifah"
      },
      {
        "family": "Hemberg",
        "given": "Martin"
      },
      {
        "family": "Kim",
        "given": "Seung"
      },
      {
        "family": "Klenerman",
        "given": "Paul"
      },
      {
        "family": "Kriegstein",
        "given": "Arnold"
      },
      {
        "family": "Lein",
        "given": "Ed S."
      },
      {
        "family": "Linnarsson",
        "given": "Sten"
      },
      {
        "family": "Lundberg",
        "given": "Emma"
      },
      {
        "family": "Lundeberg",
        "given": "Joakim"
      },
      {
        "family": "Majumder",
        "given": "Partha P."
      },
      {
        "family": "Marioni",
        "given": "John"
      },
      {
        "family": "Merad",
        "given": "Miriam"
      },
      {
        "family": "Mhlanga",
        "given": "Musa"
      },
      {
        "family": "Nawijn",
        "given": "Martijn C."
      },
      {
        "family": "Netea",
        "given": "Mihai"
      },
      {
        "family": "Nolan",
        "given": "Garry P."
      },
      {
        "family": "Pe'er",
        "given": "Dana"
      },
      {
        "family": "Phillipakis",
        "given": "Anthony"
      },
      {
        "family": "Ponting",
        "given": "Chris"
      },
      {
        "family": "Quake",
        "given": "Stephen"
      },
      {
        "family": "Reik",
        "given": "Wolf"
      },
      {
        "family": "Rozenblatt-Rosen",
        "given": "Orit"
      },
      {
        "family": "Sanes",
        "given": "Joshua R."
      },
      {
        "family": "Satija",
        "given": "Rahul"
      },
      {
        "family": "Schumacher",
        "given": "Ton"
      },
      {
        "family": "Shalek",
        "given": "Alex K."
      },
      {
        "family": "Shapiro",
        "given": "Ehud"
      },
      {
        "family": "Sharma",
        "given": "Padmanee"
      },
      {
        "family": "Shin",
        "given": "Jay W."
      },
      {
        "family": "Stegle",
        "given": "Oliver"
      },
      {
        "family": "Stratton",
        "given": "Michael"
      },
      {
        "family": "Stubbington",
        "given": "Michael J. T."
      },
      {
        "family": "Theis",
        "given": "Fabian J."
      },
      {
        "family": "Uhlén",
        "given": "Mathias"
      },
      {
        "family": "Oudenaarden",
        "given": "Alexander",
        "dropping-particle": "van"
      },
      {
        "family": "Wagner",
        "given": "Allon"
      },
      {
        "family": "Watt",
        "given": "Fiona"
      },
      {
        "family": "Weissman",
        "given": "Jonathan"
      },
      {
        "family": "Wold",
        "given": "Barbara J."
      },
      {
        "family": "Xavier",
        "given": "Ramnik J."
      },
      {
        "family": "Yosef",
        "given": "Nir"
      },
      {
        "family": "Participants",
        "given": "Human Cell Atlas Meeting"
      }
    ],
    "issued": {
      "date-parts": [
        [
          "2017",
          12,
          5
        ]
      ]
    },
    "URL": "https://www.wikidata.org/wiki/Q46368626"
  },
  {
    "id": "1DSEIjFha",
    "type": "article-journal",
    "container-title": "Nature",
    "DOI": "10.1038/d41586-018-03065-z",
    "issue": "7696",
    "language": "English",
    "note": "QID: Q56524391\nPMID: 29542698\nThis CSL Item was generated by Manubot v0.5.1 from its persistent identifier (standard_id).\nstandard_id: wikidata:Q56524391",
    "page": "286",
    "source": "Wikidata",
    "title": "Everyone needs a data-management plan",
    "volume": "555",
    "issued": {
      "date-parts": [
        [
          "2018",
          3,
          15
        ]
      ]
    },
    "URL": "https://www.wikidata.org/wiki/Q56524391"
  },
  {
    "id": "3GqlN9Dk",
    "type": "article-journal",
    "container-title": "eLife",
    "DOI": "10.7554/elife.52614",
    "language": "English",
    "note": "QID: Q87830400\nPMID: 32180547\nPMCID: PMC7077981\nThis CSL Item was generated by Manubot v0.5.1 from its persistent identifier (standard_id).\nstandard_id: wikidata:Q87830400",
    "source": "Wikidata",
    "title": "Wikidata as a knowledge graph for the life sciences",
    "volume": "9",
    "author": [
      {
        "family": "Waagmeester",
        "given": "Andra"
      },
      {
        "family": "Stupp",
        "given": "Gregory"
      },
      {
        "family": "Burgstaller-Muehlbacher",
        "given": "Sebastian"
      },
      {
        "family": "Good",
        "given": "Benjamin M."
      },
      {
        "family": "Griffith",
        "given": "Malachi"
      },
      {
        "family": "Griffith",
        "given": "Obi"
      },
      {
        "family": "Hanspers",
        "given": "Kristina"
      },
      {
        "family": "Hermjakob",
        "given": "Henning"
      },
      {
        "family": "Hudson",
        "given": "Toby"
      },
      {
        "family": "Hybiske",
        "given": "Kevin"
      },
      {
        "family": "Keating",
        "given": "Sarah M."
      },
      {
        "family": "Manske",
        "given": "Magnus"
      },
      {
        "family": "Mayers",
        "given": "Michael"
      },
      {
        "family": "Mietchen",
        "given": "Daniel"
      },
      {
        "family": "Mitraka",
        "given": "Elvira"
      },
      {
        "family": "Pico",
        "given": "Alexander R."
      },
      {
        "family": "Putman",
        "given": "Timothy Elliott"
      },
      {
        "family": "Riutta",
        "given": "Anders"
      },
      {
        "family": "Rosinach",
        "given": "Núria Queralt"
      },
      {
        "family": "Schriml",
        "given": "Lynn"
      },
      {
        "family": "Shafee",
        "given": "Thomas"
      },
      {
        "family": "Slenter",
        "given": "Denise"
      },
      {
        "family": "Stephan",
        "given": "Ralf"
      },
      {
        "family": "Thornton",
        "given": "Katherine"
      },
      {
        "family": "Tsueng",
        "given": "Ginger"
      },
      {
        "family": "Tu",
        "given": "Roger"
      },
      {
        "family": "Ul-Hasan",
        "given": "Sabah"
      },
      {
        "family": "Willighagen",
        "given": "Egon"
      },
      {
        "family": "Wu",
        "given": "Chunlei"
      },
      {
        "family": "Su",
        "given": "Andrew I."
      }
    ],
    "issued": {
      "date-parts": [
        [
          "2020",
          3,
          17
        ]
      ]
    },
    "URL": "https://www.wikidata.org/wiki/Q87830400"
  },
  {
    "id": "XkeUS3sn",
    "type": "article-journal",
    "container-title": "BMC Bioinformatics",
    "DOI": "10.1186/s12859-019-3002-3",
    "issue": "1",
    "note": "QID: Q92260004\nPMID: 31357927\nPMCID: PMC6664714\nThis CSL Item was generated by Manubot v0.5.1 from its persistent identifier (standard_id).\nstandard_id: wikidata:Q92260004",
    "page": "407",
    "source": "Wikidata",
    "title": "ROBOT: A Tool for Automating Ontology Workflows",
    "title-short": "ROBOT",
    "volume": "20",
    "author": [
      {
        "family": "Tauber",
        "given": "Rebecca"
      },
      {
        "family": "Balhoff",
        "given": "James P."
      },
      {
        "family": "Douglass",
        "given": "Eric"
      },
      {
        "family": "Harris",
        "given": "Nomi L."
      },
      {
        "family": "Mungall",
        "given": "Christopher J."
      },
      {
        "family": "Overton",
        "given": "James"
      }
    ],
    "issued": {
      "date-parts": [
        [
          "2019",
          7,
          29
        ]
      ]
    },
    "URL": "https://www.wikidata.org/wiki/Q92260004"
  },
  {
    "id": "pNGap1Du",
    "type": "article-journal",
    "container-title": "Experimental and Molecular Medicine",
    "DOI": "10.1038/s12276-020-0409-x",
    "note": "QID: Q99418649\nPMID: 32929222\nThis CSL Item was generated by Manubot v0.5.1 from its persistent identifier (standard_id).\nstandard_id: wikidata:Q99418649",
    "source": "Wikidata",
    "title": "An era of single-cell genomics consortia",
    "author": [
      {
        "family": "Ando",
        "given": "Yoshinari"
      },
      {
        "family": "Kwon",
        "given": "Andrew T."
      },
      {
        "family": "Shin",
        "given": "Jay W."
      }
    ],
    "issued": {
      "date-parts": [
        [
          "2020",
          9,
          15
        ]
      ]
    },
    "URL": "https://www.wikidata.org/wiki/Q99418649"
  }
]
