{
  "pandoc": {
    "title": "Manuscript Title",
    "keywords": [
      "markdown",
      "publishing",
      "manubot"
    ],
    "lang": "en-US",
    "date-meta": "2023-05-15",
    "author-meta": [
      "John Doe",
      "Jane Roe"
    ],
    "header-includes": "<!--\nManubot generated metadata rendered from header-includes-template.html.\nSuggest improvements at https://github.com/manubot/manubot/blob/main/manubot/process/header-includes-template.html\n-->\n<meta name=\"dc.format\" content=\"text/html\" />\n<meta name=\"dc.title\" content=\"Manuscript Title\" />\n<meta name=\"citation_title\" content=\"Manuscript Title\" />\n<meta property=\"og:title\" content=\"Manuscript Title\" />\n<meta property=\"twitter:title\" content=\"Manuscript Title\" />\n<meta name=\"dc.date\" content=\"2023-05-15\" />\n<meta name=\"citation_publication_date\" content=\"2023-05-15\" />\n<meta name=\"dc.language\" content=\"en-US\" />\n<meta name=\"citation_language\" content=\"en-US\" />\n<meta name=\"dc.relation.ispartof\" content=\"Manubot\" />\n<meta name=\"dc.publisher\" content=\"Manubot\" />\n<meta name=\"citation_journal_title\" content=\"Manubot\" />\n<meta name=\"citation_technical_report_institution\" content=\"Manubot\" />\n<meta name=\"citation_author\" content=\"John Doe\" />\n<meta name=\"citation_author_institution\" content=\"Department of Something, University of Whatever\" />\n<meta name=\"citation_author_orcid\" content=\"XXXX-XXXX-XXXX-XXXX\" />\n<meta name=\"twitter:creator\" content=\"@johndoe\" />\n<meta name=\"citation_author\" content=\"Jane Roe\" />\n<meta name=\"citation_author_institution\" content=\"Department of Something, University of Whatever\" />\n<meta name=\"citation_author_institution\" content=\"Department of Whatever, University of Something\" />\n<meta name=\"citation_author_orcid\" content=\"XXXX-XXXX-XXXX-XXXX\" />\n<link rel=\"canonical\" href=\"https://lubianat.github.io/fapesp_report_3/\" />\n<meta property=\"og:url\" content=\"https://lubianat.github.io/fapesp_report_3/\" />\n<meta property=\"twitter:url\" content=\"https://lubianat.github.io/fapesp_report_3/\" />\n<meta name=\"citation_fulltext_html_url\" content=\"https://lubianat.github.io/fapesp_report_3/\" />\n<meta name=\"citation_pdf_url\" content=\"https://lubianat.github.io/fapesp_report_3/manuscript.pdf\" />\n<link rel=\"alternate\" type=\"application/pdf\" href=\"https://lubianat.github.io/fapesp_report_3/manuscript.pdf\" />\n<link rel=\"alternate\" type=\"text/html\" href=\"https://lubianat.github.io/fapesp_report_3/v/22a1ea711b5ba21b8fd8372825f3c6e8559deed0/\" />\n<meta name=\"manubot_html_url_versioned\" content=\"https://lubianat.github.io/fapesp_report_3/v/22a1ea711b5ba21b8fd8372825f3c6e8559deed0/\" />\n<meta name=\"manubot_pdf_url_versioned\" content=\"https://lubianat.github.io/fapesp_report_3/v/22a1ea711b5ba21b8fd8372825f3c6e8559deed0/manuscript.pdf\" />\n<meta property=\"og:type\" content=\"article\" />\n<meta property=\"twitter:card\" content=\"summary_large_image\" />\n<link rel=\"icon\" type=\"image/png\" sizes=\"192x192\" href=\"https://manubot.org/favicon-192x192.png\" />\n<link rel=\"mask-icon\" href=\"https://manubot.org/safari-pinned-tab.svg\" color=\"#ad1457\" />\n<meta name=\"theme-color\" content=\"#ad1457\" />\n<!-- end Manubot generated metadata -->",
    "bibliography": [
      "content/manual-references.json"
    ],
    "manubot-output-bibliography": "output/references.json",
    "manubot-output-citekeys": "output/citations.tsv",
    "manubot-requests-cache-path": "ci/cache/requests-cache",
    "manubot-clear-requests-cache": false
  },
  "manubot": {
    "date": "May 15, 2023",
    "authors": [
      {
        "github": "johndoe",
        "name": "John Doe",
        "initials": "JD",
        "orcid": "XXXX-XXXX-XXXX-XXXX",
        "twitter": "johndoe",
        "email": "john.doe@something.com",
        "affiliations": [
          "Department of Something, University of Whatever"
        ],
        "funders": [
          "Grant XXXXXXXX"
        ],
        "affiliation_numbers": [
          1
        ]
      },
      {
        "github": "janeroe",
        "name": "Jane Roe",
        "initials": "JR",
        "orcid": "XXXX-XXXX-XXXX-XXXX",
        "email": "jane.roe@whatever.edu",
        "affiliations": [
          "Department of Something, University of Whatever",
          "Department of Whatever, University of Something"
        ],
        "affiliation_numbers": [
          1,
          2
        ]
      }
    ],
    "affiliations": [
      {
        "affiliation": "Department of Something, University of Whatever",
        "affiliation_number": 1
      },
      {
        "affiliation": "Department of Whatever, University of Something",
        "affiliation_number": 2
      }
    ],
    "ci_source": {
      "provider": "github",
      "repo_slug": "lubianat/fapesp_report_3",
      "repo_owner": "lubianat",
      "repo_name": "fapesp_report_3",
      "commit": "22a1ea711b5ba21b8fd8372825f3c6e8559deed0",
      "triggering_commit": "22a1ea711b5ba21b8fd8372825f3c6e8559deed0",
      "build_url": "https://github.com/lubianat/fapesp_report_3/commit/22a1ea711b5ba21b8fd8372825f3c6e8559deed0/checks",
      "job_url": "https://github.com/lubianat/fapesp_report_3/runs/__run_3"
    },
    "html_url": "https://lubianat.github.io/fapesp_report_3/",
    "pdf_url": "https://lubianat.github.io/fapesp_report_3/manuscript.pdf",
    "html_url_versioned": "https://lubianat.github.io/fapesp_report_3/v/22a1ea711b5ba21b8fd8372825f3c6e8559deed0/",
    "pdf_url_versioned": "https://lubianat.github.io/fapesp_report_3/v/22a1ea711b5ba21b8fd8372825f3c6e8559deed0/manuscript.pdf",
    "manubot_version": "0.5.1",
    "rootstock_commit": null,
    "manuscript_stats": {
      "word_count": 8144
    }
  }
}
